Id,watch_loc,path_idx,standing,walking,running,cycling,step_count
0,0,4,True,True,True,False,998
1,1,2,False,True,False,True,270
2,0,2,True,True,False,True,317
3,2,3,False,True,False,False,907
4,0,0,False,True,False,False,833
5,2,4,False,True,False,True,301
6,2,2,True,True,True,False,723
7,1,4,False,True,False,False,1095
8,0,4,False,True,False,False,1001
9,1,0,False,True,False,False,1035
10,1,1,False,True,False,False,880
11,0,4,True,True,False,False,792
12,2,3,False,True,True,False,548
13,2,0,False,True,False,False,753
14,2,3,False,True,False,False,761
15,0,3,False,True,False,False,838
16,0,4,False,True,False,True,232
17,0,4,False,True,False,True,292
18,0,4,False,True,True,False,778
19,1,1,False,True,False,False,1185
20,0,1,False,True,False,False,728
21,1,1,False,True,False,False,828
22,2,2,False,True,False,False,868
23,1,2,False,True,False,False,775
24,2,1,True,True,False,True,440
25,0,4,False,True,False,False,707
26,1,3,True,True,False,True,416
27,2,2,False,True,False,False,845
28,2,2,False,True,False,False,824
29,1,0,False,True,False,True,12
30,2,1,False,True,False,False,901
31,0,1,False,True,False,False,1065
32,0,3,False,True,True,False,556
33,0,3,False,True,False,False,850
34,2,1,True,True,True,False,779
35,0,3,False,True,False,False,817
36,0,1,True,True,False,False,643
37,2,2,False,True,False,False,846
38,0,1,False,True,True,False,826
39,2,4,False,True,False,True,241
40,0,1,False,True,False,False,879
41,0,4,False,True,False,False,861
42,1,2,False,True,False,False,1080
43,0,0,True,True,False,False,796
44,2,0,False,True,False,False,980
45,2,1,False,True,False,False,1003
46,2,3,False,True,False,False,884
47,0,1,False,True,False,False,991
48,1,4,False,True,False,False,1009
49,0,4,False,True,False,False,896
50,2,4,True,True,False,False,1003
51,0,4,True,True,False,False,1073
52,1,4,False,True,False,False,813
53,2,0,False,True,False,False,942
54,1,2,False,True,False,False,1212
55,0,2,False,True,False,False,775
56,1,3,False,True,False,False,793
57,0,4,True,True,False,False,1020
58,0,4,False,True,False,False,937
59,2,2,True,True,False,True,455
60,1,3,False,True,False,False,837
61,2,3,False,True,False,False,779
62,2,2,False,True,False,False,839
63,2,0,False,True,False,False,822
64,1,4,False,True,True,False,778
65,1,4,False,True,True,False,646
66,1,2,False,True,False,False,926
67,2,3,False,True,False,False,983
68,1,3,False,True,False,False,724
69,0,3,False,True,False,False,993
70,1,2,True,True,False,False,978
71,2,0,False,True,False,False,821
72,2,1,True,True,False,False,848
73,2,1,False,True,True,False,751
74,2,0,False,True,False,False,885
75,0,4,True,True,False,False,797
76,1,3,False,True,False,False,938
77,2,2,False,True,False,False,856
78,1,3,False,True,False,False,1287
79,2,1,False,True,False,False,848
80,0,1,False,False,False,True,0
81,1,3,False,True,False,False,1113
82,1,4,False,True,True,False,604
83,1,3,False,True,False,False,1047
84,0,4,True,True,False,False,878
85,2,2,False,True,False,False,770
86,1,4,False,True,True,False,668
87,1,2,False,True,False,False,1037
88,2,4,False,True,False,False,827
89,1,0,False,True,False,False,842
90,1,3,False,True,False,False,717
91,2,4,False,True,False,False,1011
92,0,1,True,True,False,False,931
93,1,2,True,True,False,False,1192
94,2,0,False,True,False,False,780
95,2,1,False,True,False,False,849
96,2,3,False,True,False,False,813
97,2,4,True,True,False,False,925
98,1,3,False,True,False,False,979
99,2,0,False,True,False,False,840
100,2,2,True,True,True,False,622
101,0,4,False,True,False,False,837
102,1,0,False,True,False,False,1278
103,0,1,False,True,False,False,755
104,0,2,False,True,False,False,747
105,2,4,False,True,False,False,800
106,0,1,False,True,True,False,783
107,1,4,True,True,True,False,686
108,2,0,False,False,False,True,0
109,2,3,False,True,True,False,779
110,0,2,False,True,False,False,1022
111,2,1,False,True,True,False,752
112,0,3,True,True,False,False,884
113,2,1,True,True,True,False,713
114,0,1,False,True,False,False,670
115,1,0,False,True,False,True,197
116,2,3,False,False,True,False,541
117,0,1,False,True,False,False,905
118,1,1,False,True,False,False,761
119,2,4,False,True,True,False,574
120,1,4,False,True,False,False,1037
121,1,0,False,True,False,False,1199
122,0,1,False,True,False,False,880
123,2,3,False,True,False,False,902
124,0,3,True,True,False,False,733
125,0,0,False,True,False,False,759
126,2,4,False,True,False,False,783
127,2,4,False,True,False,False,935
128,2,4,False,True,False,True,329
129,1,3,False,True,True,False,666
130,0,4,False,True,False,True,310
131,1,0,False,True,False,False,780
132,2,2,False,True,False,False,704
133,2,2,False,True,False,False,877
134,1,3,True,True,False,True,499
135,1,0,True,True,False,False,1165
136,0,2,False,True,False,False,759
137,0,3,False,True,False,False,844
138,0,0,False,True,False,False,821
139,0,1,False,True,False,False,1043
140,2,2,False,True,False,False,1036
141,2,3,True,True,False,False,857
142,1,1,False,True,True,False,735
143,2,3,False,True,False,False,743
144,0,4,False,True,False,False,785
145,2,3,False,True,False,False,843
146,0,2,False,False,False,True,0
147,2,4,False,True,False,False,829
148,1,1,True,True,False,True,355
149,0,3,False,True,False,False,928
150,2,4,False,True,False,False,920
151,2,4,False,True,False,False,747
152,0,0,False,True,False,False,802
153,1,4,False,True,False,False,1016
154,1,1,False,True,False,False,1105
155,1,0,False,True,False,False,885
156,1,1,True,True,False,False,1278
157,0,3,False,True,False,False,833
158,1,4,False,True,False,False,1274
159,0,3,False,True,False,False,889
160,0,4,False,True,False,False,1208
161,1,0,False,True,False,False,1094
162,1,1,False,True,True,False,619
163,0,0,False,True,False,False,802
164,0,2,False,True,False,False,813
165,1,3,False,True,False,False,1147
166,2,2,True,True,False,False,878
167,0,4,True,True,False,False,749
168,1,4,True,True,False,False,1106
169,2,2,True,True,False,True,485
170,1,2,False,True,False,False,1034
171,1,4,False,True,False,False,762
172,2,1,False,True,False,False,897
173,2,3,False,True,False,False,837
174,2,4,False,True,False,False,861
175,0,2,False,True,False,True,334
176,0,1,False,True,False,False,1136
177,0,4,False,True,True,False,608
178,2,1,False,True,False,False,855
179,0,3,False,True,False,False,834
180,0,3,False,True,False,False,814
181,1,1,False,True,False,False,1060
182,0,0,False,True,False,True,46
183,0,3,False,True,False,False,823
184,1,2,False,True,False,False,1247
185,2,4,False,False,True,False,479
186,0,4,False,True,False,False,871
187,2,4,False,True,False,False,816
188,0,4,False,False,False,True,0
189,2,2,True,True,False,True,516
190,1,4,True,True,False,False,657
191,1,2,False,True,False,False,1011
192,2,3,False,True,False,False,788
193,0,4,False,True,False,False,852
194,1,3,True,True,True,False,882
195,0,3,False,True,False,False,806
196,1,1,True,True,True,False,883
197,0,4,False,True,False,False,885
198,2,0,False,True,False,False,799
199,1,4,False,True,False,False,1055
200,1,1,True,True,False,False,1070
201,1,2,False,True,False,False,861
202,0,3,False,True,False,False,921
203,2,1,False,True,False,False,697
204,0,3,False,True,False,False,955
205,2,1,False,True,False,False,910
206,0,4,False,True,False,False,664
207,0,0,True,True,True,False,728
208,2,4,True,True,False,True,374
209,2,2,False,True,False,False,809
210,1,1,True,True,False,False,1046
211,1,0,False,True,False,False,1021
212,0,1,False,True,False,False,831
213,1,0,False,True,False,False,1011
214,2,1,False,True,False,False,663
215,0,0,False,True,False,False,1153
216,2,2,True,True,True,False,781
217,0,2,False,True,False,False,747
218,0,1,True,True,False,False,892
219,1,0,False,True,False,False,1035
220,2,4,False,True,False,True,420
221,1,3,False,True,False,False,843
222,0,3,False,True,False,True,313
223,1,0,True,True,False,False,1083
224,2,4,False,True,False,False,857
225,0,2,True,True,False,True,344
226,0,1,False,True,False,False,935
227,0,2,False,True,False,False,989
228,1,2,True,True,True,False,795
229,0,1,False,True,False,False,1030
230,2,1,False,True,True,False,659
231,1,2,False,True,False,False,1023
232,1,4,False,True,False,True,302
233,1,2,False,True,False,False,1062
234,2,1,True,True,False,False,842
235,1,0,False,True,False,False,1179
236,1,4,False,True,False,True,501
237,1,1,False,True,False,False,1379
238,0,1,True,True,False,False,938
239,0,3,False,True,False,False,869
240,1,0,False,True,False,True,8
241,1,3,False,True,False,False,1097
242,0,3,False,True,False,False,798
243,0,3,False,True,False,False,848
244,0,2,False,True,False,False,822
245,1,4,False,True,False,False,1285
246,1,1,False,True,False,False,693
247,0,4,False,True,False,False,930
248,2,2,False,True,False,False,858
249,2,2,False,True,False,False,723
250,0,0,False,True,False,False,1035
251,1,2,True,True,False,False,975
252,1,4,False,True,False,False,786
253,0,3,False,True,False,True,333
254,1,1,True,True,False,False,639
255,1,1,False,True,False,False,1445
256,2,3,True,True,False,False,1008
257,0,2,True,True,True,False,759
258,2,2,False,True,False,False,817
259,1,3,False,True,False,False,1206
260,1,0,False,True,False,False,945
261,1,3,True,True,True,False,622
262,2,2,False,True,False,False,883
263,1,4,False,True,False,False,1008
264,0,2,False,True,False,False,856
265,0,1,True,True,False,False,1021
266,2,3,True,True,True,False,538
267,0,3,True,True,False,False,829
268,1,2,False,True,False,False,1183
269,0,4,False,True,False,True,388
270,2,3,False,True,True,False,658
271,1,4,True,True,False,False,975
272,1,4,False,True,False,True,354
273,0,2,False,True,False,False,630
274,0,1,False,True,False,False,956
275,1,0,False,True,False,False,882
276,0,2,True,True,False,False,748
277,1,1,True,True,False,False,1054
278,2,3,True,True,False,False,800
279,2,2,False,True,True,False,979
